Era,Name,Link
Before The College Dropout,10 in a Benz,https://pillows.su/f/47bf0495be0f1af721cfb718834c48f3
Before The College Dropout,Better Than Yours,https://pillows.su/f/58d34934bc819e99a4e4d58849b28292
The College Dropout,Home (Original),https://pillows.su/f/904a098ec7d98418080f07471853d49e
The College Dropout,Keep the Receipt,https://pillows.su/f/0594f878f7724819a583e74677463f03
Late Registration,Gotta Pose,https://pillows.su/f/7823489234
Late Registration,Hey Mama (Grammy Version),https://pillows.su/f/9123841234
Graduation,Can't Tell Me Nothing (Remix),https://pillows.su/f/1122334455
Graduation,Bittersweet Poetry,https://pillows.su/f/6677889900
808s & Heartbreak,Love Lockdown (Demo),https://pillows.su/f/5544332211
My Beautiful Dark Twisted Fantasy,Christian Dior Denim Flow,https://pillows.su/f/9988776655
Yeezus,New Slaves (Demo),https://pillows.su/f/4455667788
The Life of Pablo,Waves (Original),https://pillows.su/f/3322114455
Ye,Ghost Town (Original),https://pillows.su/f/7788990011
Jesus Is King,Selah (OG),https://pillows.su/f/2233445566
Donda,Never Abandon Your Family,https://pillows.su/f/8899001122